Artigo,Título do Artigo (conforme Lista de origem),a,b,c,d,e,f,g,h,i,j,k,l,m,n,o,p,q,Conclusão
1,"Coleti T.A., Zacarias R.O., Divino S.B.S., Saraiva J.D.A.G., Salgado A.D.L., Gonçalves D.A., Morandini M., Santos R.P.D. GranDIHC-BR 2025-20",X,X,X,,,,X,X,,,,,,,,,,Incluído
2,"Pereira R., Darin T., Silveira M.S. GranDIHC-BR: Grand Research Challenges in Human-Computer Interaction in Brazil for 2025-2035 [GranDIHC-B",X,X,,,,,X,X,,,,,,,,,,Incluído
3,"Duan, Qingyu and Liang, Mengli and Wang, Xiaoguang. The Human‐Data Interaction Driven by Data Reuse. John Wiley \& Sons, Inc. Proceedings of",X,X,,X,,X,X,X,,,,,,,X,,,Excluído
4,"Margariti E., Claisse C., Nabil S., Bridgens B., Durrant A.C., Kirk D.Human Building Interaction and Design for Climate Change (2024) DIS 20",,,,,,,X,X,,,,X,,,,,,Excluído
5,"De Kreij S., Ranasinghe C., Degbelo A. Data Physicalization and Tangible Manipulation for Engaging Children with Data: An Example with Air Q",X,X,,X,,,X,X,,,,,,,,,,Incluído
6,"ekete J.-D., Rong K., Omidvar-Tehrani B., Shraga R. Eighth Workshop on Human-In-the-Loop Data Analytics (HILDA) (2024) Proceedings of the AC",,,,,,,X,X,,,,,,X,,,,Excluído
7,"Sailaja N., Crabtree A., Lodge T., Chamberlain A., Coulton P., Pilling M., Forrester I. Making of an Adaptive Podcast that Engenders Trust t",X,X,,X,,,X,X,,,,,,,,,,Incluído
8,"Hayes S., Jopling M., Connor S., Johnson M., Riordan S. ‘Making you Aware of your Own Breathing’: Human Data Interaction, Disadvantage and S",X,X,,X,,X,X,X,,,,,,,,X,,Excluído
9,"Friedman A., Cafaro F. Designing Gestures for Data Exploration with Public Displays via Identification Studies (2024) Information (Switzerla",X,X,X,X,,X,X,X,,,,,,,,,,Incluído
10,"Karahanoğlu A., Coskun A., Postma D., Scheltinga B.L., Gouveia R., Reidsma D., Reenalda J.Is it just a score? Understanding Training Load Ma",X,X,X,X,,X,X,X,,,,,,,,X,,Excluído
11,"Yuan J., Bhattacharjee K., Islam A.Z., Dasgupta A. TRIVEA: Transparent Ranking Interpretation using Visual Explanation of black-box Algorith",X,X,X,X,,X,X,X,,,,,,,,,,Incluído
12,"Banu R., Subramanian K.P., Shrivastava P. Impact of modality on cognitive load and data-driven decisions as perceived by novice users (2024)",X,X,X,X,,X,X,X,,,,,,X,X,,,Excluído
13,"Dowthwaite A., Cook D., Cox A.L. Privacy preferences in automotive data collection (2024) Transportation Research Interdisciplinary Perspect",X,X,X,X,,X,X,X,,,,,,,,,,Incluído
14,"Li J., Shayboun M., Calis G., Calvetti D., Demian P., Kassem M., Msawil M., Soman R. Toward a working theory for Human-Data Interaction (HDI",X,X,X,X,,X,X,X,,,,X,,,,,,Excluído
15,"Losciale P., Scarcelli A., Ricci M., Di Roma A. Human-Data Interaction Design for the Taxonomy Visualization of Made in Italy Upholstered Sy",X,X,X,X,,X,X,X,,,,X,,,,,,Excluído
16,"Victorelli E.Z., Dos Reis J.C. Adopting Human-data Interaction Guidelines and Participatory Practices for Supporting Inexperienced Designers",X,X,X,X,,X,X,X,,,,,,,,,,Incluído
17,"Durango I., R. Penichet V.M., Gallud J.A. Exploring human-data interaction: an AI-enhanced systematic mapping (2024) Universal Access in the",X,X,X,X,,X,X,X,,,,,,,,,,Incluído
18,"Calvetti D., Kifokeris D., Mêda P., Sousa H. HUMAN-DATA INTERACTION AS A CRITICAL ENABLER OF ELECTRONIC PERFORMANCE MONITORING AT CONSTRUCTI",X,X,X,X,,X,X,X,,,,X,,,,,,Excluído
19,"Coleti T.A., Morandini M., Filgueiras L.V.L. Human-Data Interaction Syllabus for Undergraduate and Graduate Courses (2024) Journal on Intera",X,X,X,X,,X,X,X,,,,,,,,,,Incluído
20,"Xambó A., Roma G. Human–machine agencies in live coding for music performance (2024).",X,X,,X,,X,X,X,,X,,X,,,,,,Excluído
21,"Theys T., Bourgeus A., Mechant P., De Marez L., Saldien J. Expert Perspectives on UX Design Challenges for Solid-Enabled Personal Data Store",X,X,X,,,X,X,X,,,,,,,,,,Incluído
22,"Theys T., Haegemans T., Mechant P., Bourgeus A., Saldien J. Solid-Enabled Personal Online Data Stores: Uncovering UX Implications for Online",X,X,X,X,,X,X,X,,,,,,,,,,Incluído
23,"Baldazzi T., Benedetto D., Bellomarini L., Sallinger E., Vlad A. Softening Ontological Reasoning with Large Language Models (2024) 8th Inter",,X,X,X,,X,X,X,,X,,X,,,,,,Excluído
24,Sullutrone G. Large Language Models integration in Digital Humanities (2024) CEUR Workshop Proceedings.,X,X,,,,X,X,X,,,,X,,,,,,Excluído
25,"Burzio G., Ferraro V. CLARIFYING DEFINITIONS: A SCOPING REVIEW OF DATA PHYSICALIZATION IN HUMAN-COMPUTER INTERACTION (2024) Proceedings of t",X,X,,X,X,X,X,X,,,,,,,,,,Incluído
26,"Capeleti B.S., dos Santos França J.B., Freire A.P. Heuristic Evaluation of a Publicly Accessible Geoprocessing Platform: Categories of Usabi",X,X,X,X,,X,X,X,,,,,,,,,,Incluído
27,"Lenzi S., Ciuccarelli P., Offenhuber D. Towards a definition of Autographic Sonifications: Listening as an act of knowledge (2024) Proceedin",X,X,X,X,,X,X,X,,,,,,,,,,Incluído
28,"Lenzi S., Özcan E., Mora S., Mazzarello M., Haatveit A., Duarte F. What in the world do we hear? Understanding public and private spaces thr",X,X,X,X,,X,X,X,,,,,,,,,,Incluído
29,"Xiao F., Chi Y., He D. Promoting data use through understanding user behaviors: A model for human open government data interaction (2023) Jo",X,X,X,X,,X,X,X,,,,,,,X,,,Excluído
30,"Ambe A.H., Roomkham S., Lovell D., Brereton M. Rethinking the Design of Human-Data Interaction through a Study of Older Adults' Wellbeing (2",X,X,X,X,,X,X,X,,,,,,,,X,,Excluído
31,Martinez-Maldonado R. Data Storytelling: Revolutionising Human-Data Interaction or Just Passing Hype?(2023) ACM International Conference Pro,X,X,,,,,X,X,X,X,,,,X,,,,Excluído
32,"De Bettio R.W., Melchiori A.P., Freire A.P., Albuquerque A.C., Aguiar E.H.D.A. Question-based interaction with geolocated data for environme",X,X,X,X,,X,X,X,,,,,,,,,,Incluído
33,"Gagel J., Hustedt J., Lüttig T., Berg T., Abrami G., Mehler A. News in Time and Space: Global Event Exploration in Virtual Reality (2023) HT",,,,,,X,X,X,X,X,X,,X,,,,,Excluído
34,"Jordan B., Koesten L., Möller T. Chatting about Data - Interacting with Voice Interfaces to Engage with Election Panel Data (2023) Proceedin",X,X,X,X,,X,X,X,,,,,,,,,,Incluído
35,"Ranasinghe C., Degbelo A. Encoding Variables, Evaluation Criteria, and Evaluation Methods for Data Physicalisations: A Review (2023) Multimo",X,X,X,X,X,X,X,X,,,,,,,,,,Incluído
36,"Moritz D., Omidvar-Tehrani B., Roy S. Seventh Workshop on Human-In-the-Loop Data Analytics (HILDA) (2023) Proceedings of the ACM SIGMOD Inte",X,X,,,,,X,X,X,X,,,,X,,,,Excluído
37,"Kurze A., Köpferl K., Eibl M. Data-I - Interactive Experience of IoT Data: A Practical Tool for IoT Sensor Data in Interdisciplinary Human-C",X,X,,X,,X,X,X,,,,,,,,,,Incluído
38,"Raj S., Gupta T., Lee J., Kay M., Newman M.W. ``It can bring you in the right direction'': Episode-Driven Data Narratives to Help Patients N",X,X,,,,,X,X,,,,X,,,,X,,Excluído
39,"Lee-Smith M.L., Benjamin J.J., Desjardins A., Funk M., Odom W., Oogjes D., Park Y.-W., Pierce J., Sanches P., Tsaknaki V. Data as a Material",X,X,,,X,,X,X,,,,,,,,,,Incluído
40,Guerrero Millan C. Living Data Systems: Co-Designing Community-Based Methods And Local Technologies For Inclusive Socioeconomic Alternatives,X,X,,,,,X,X,X,X,,,,X,,,,Excluído
,,,,,,,,,,,,,,,,,,,
,,,,,,,,,,,,,,,,,,,
,,,,,,,,,,,,,,,,,,,
INCLUSÃO,,23,,,,,,,,,,,,,,,,,
EXCLUSÃO,,17,,,,,,,,,,,,,,,,,
DUPLICATA,,,,,,,,,,,,,,,,,,,
,,,,,,,,,,,,,,,,,,,
CRITÉRIO J,,6,,,,,,,,,,,,,,,,,
CRITÉRIO K,,1,,,,,,,,,,,,,,,,,
CRITÉRIO L,,8,,,,,,,,,,,,,,,,,
CRITÉRIO M,,1,,,,,,,,,,,,,,,,,
CRITÉRIO N,,5,,,,,,,,,,,,,,,,,
CRITÉRIO O,,3,,,,,,,,,,,,,,,,,
CRITÉRIO P,,4,,,,,,,,,,,,,,,,,
CRITÉRIO Q,,,,,,,,,,,,,,,,,,,
